Movie,Production Year,Watchtime,Rating,Metascore,Genres,Description,Votes,Director
Everything Everywhere All at Once,2022,139,8.8,82,"Action,Adventure,Comedy","An aging Chinese immigrant is swept up in an insane adventure, where she alone can save the world by exploring other universes connecting with the lives she could have led.","37,672","Directors:Dan Kwan, Daniel Scheinert"
The Bad Guys,2022,100,6.9,64,"Animation,Adventure,Comedy","Several reformed yet misunderstood criminal animals attempt to become good, with some disastrous results along the way.","10,972",Director:Pierre Perifel
The Rum Diary,2011,119,6.1,56,"Comedy,Drama",American journalist Paul Kemp takes on a freelance job in Puerto Rico for a local newspaper during the 1960s and struggles to find a balance between island culture and the expatriates who live there.,"102,972",Director:Bruce Robinson
Grace and Frankie,2015–2022,30,8.2,0,Comedy,"Finding out that their husbands are not just work partners, but have also been romantically involved for the last twenty years, two women with an already strained relationship try to cope with the circumstances together.","48,476",
This Is Us,2016–2022,45,8.7,0,"Comedy,Drama,Romance","A heartwarming and emotional story about a unique set of triplets, their struggles and their wonderful parents.","132,883",
Barry,2018– ,30,8.3,0,"Action,Comedy,Crime",A hit man from the Midwest moves to Los Angeles and gets caught up in the city's theatre arts scene.,"63,639",
Sonic the Hedgehog 2,2022,122,6.7,47,"Action,Adventure,Comedy","When the manic Dr Robotnik returns to Earth with a new ally, Knuckles the Echidna, Sonic and his new friend Tails is all that stands in their way.","28,328",Director:Jeff Fowler
The Unbearable Weight of Massive Talent,2022,107,7.5,67,"Action,Comedy,Crime","In this action-packed comedy, Nicolas Cage plays Nick Cage, channeling his iconic characters as he's caught between a superfan (Pedro Pascal) and a CIA agent (Tiffany Haddish).","17,305",Director:Tom Gormican
The Flight Attendant,2020– ,0,7.1,0,"Comedy,Drama,Mystery","A reckless flight attendant with an alcoholism problem wakes up in the wrong hotel, in the wrong bed, with a dead man - and no idea what happened. Unable to piece the night together, she begins to wonder if she could be the killer.","47,289",
The Pentaverate,2022,0,6.1,0,Comedy,An unlikely Canadian journalist finds himself embroiled in a mission to uncover the truth and just possibly save the world himself.,"3,204",
Russian Doll,2019– ,30,7.8,0,"Comedy,Drama,Mystery",A cynical young woman in New York City keeps dying and returning to the party that's being thrown in her honor on that same evening. She tries to find a way out of this strange time loop.,"89,007",
Ten Percent,2022– ,0,6.7,0,Comedy,The series takes place at a London talent agency where agents scramble to keep their star clients happy and their business afloat after the sudden death of their founder.,864,
The Office,2005–2013,22,9.0,0,Comedy,"A mockumentary on a group of typical office workers, where the workday consists of ego clashes, inappropriate behavior, and tedium.","540,749",
The Gentlemen,2019,113,7.8,51,"Action,Comedy,Crime","An American expat tries to sell off his highly profitable marijuana empire in London, triggering plots, schemes, bribery and blackmail in an attempt to steal his domain out from under him.","314,161",Director:Guy Ritchie
Crush,2022,93,6.1,56,"Comedy,Romance",An aspiring young artist joins her high school track team and later discovers what real love feels like when she finds herself falling for an unexpected teammate.,"2,254",Director:Sammi Cohen
The Lost City,2022,112,6.4,60,"Action,Adventure,Comedy",A reclusive romance novelist on a book tour with her cover model gets swept up in a kidnapping attempt that lands them both in a cutthroat jungle adventure.,"24,632","Directors:Aaron Nee, Adam Nee"
Our Flag Means Death,2022– ,30,7.9,0,"Action,Adventure,Biography",The year is 1717. Wealthy landowner Stede Bonnet has a midlife crisis and decides to blow up his cushy life to become a pirate. It does not go well. Based on a true story.,"17,217",
That '90s Show,,30,0,0,"Comedy,Drama,Romance","Now it's 1995, Leia Forman is visiting her grandparents for the summer where she bonds with a new generation of Point Place, WI, kids under the watchful eye of Kitty and the stern glare of Red.",0,
Friends,1994–2004,22,8.9,0,"Comedy,Romance",Follows the personal and professional lives of six twenty to thirty-something-year-old friends living in Manhattan.,"950,327",
WandaVision,2021,350,8.0,0,"Action,Comedy,Drama","Blends the style of classic sitcoms with the MCU, in which Wanda Maximoff and Vision - two super-powered beings living their ideal suburban lives - begin to suspect that everything is not as it seems.","284,770",
Atlanta,2016–2023,30,8.6,0,"Comedy,Drama,Music","Based in Atlanta, Earn and his cousin Alfred try to make their way in the world through the rap scene. Along the way they come face to face with social and economic issues touching on race, relationships, poverty, status, and parenthood.","65,988",
Clark,2022,0,7.5,0,"Action,Comedy,Crime","This is the incredible story behind Sweden's most notorious gangster, Clark Olofsson, whose infamous crimes gave rise to the term ""Stockholm Syndrome"".","2,134",
The Big Bang Theory,2007–2019,22,8.2,0,"Comedy,Romance",A woman who moves into an apartment across the hall from two brilliant but socially awkward physicists shows them how little they know about life outside of the laboratory.,"782,127",
Ted Lasso,2020– ,30,8.8,0,"Comedy,Drama,Sport","American college football coach Ted Lasso heads to London to manage AFC Richmond, a struggling English Premier League football team.","179,080",
Derry Girls,2018– ,30,8.4,0,Comedy,The personal exploits of a 16-year-old girl and her family and friends during the Troubles in the early 1990s.,"31,653",
Seinfeld,1989–1998,22,8.9,0,Comedy,The continuing misadventures of neurotic New York City stand-up comedian Jerry Seinfeld and his equally neurotic New York City friends.,"302,671",
Being Mortal,2023,0,0,0,"Comedy,Drama","Based on the book ""Being Mortal: Medicine and What Matters in the End"" by surgeon Atul Gawande. A 2014 non-fiction book.",0,Director:Aziz Ansari
Sing 2,2021,110,7.4,49,"Animation,Adventure,Comedy",Buster Moon and his friends must persuade reclusive rock star Clay Calloway to join them for the opening of a new show.,"47,913","Directors:Garth Jennings, Christophe Lourdelet"
Modern Family,2009–2020,22,8.5,0,"Comedy,Drama,Romance",Three different but related families face trials and tribulations in their own uniquely comedic ways.,"409,402",
The Adam Project,2022,106,6.7,55,"Action,Adventure,Comedy","After accidentally crash-landing in 2022, time-traveling fighter pilot Adam Reed teams up with his 12-year-old self for a mission to save the future.","156,839",Director:Shawn Levy
Young Sheldon,2017– ,30,7.5,0,Comedy,"Meet a child genius named Sheldon Cooper (already seen as an adult in The Big Bang Theory (2007)) and his family. Some unique challenges face Sheldon, who is socially impaired.","54,234",
CODA,2021,111,8.0,74,"Comedy,Drama,Music","As a CODA (Child of Deaf Adults) Ruby is the only hearing person in her deaf family. When the family's fishing business is threatened, Ruby finds herself torn between pursuing her passion at Berklee College of Music and her fear of abandoning her parents.","106,969",Director:Sian Heder
It's Always Sunny in Philadelphia,2005– ,22,8.8,0,Comedy,Five friends with big egos and small brains are the proprietors of an Irish pub in Philadelphia.,"216,523",
Turning Red,2022,100,7.0,83,"Animation,Adventure,Comedy",A 13-year-old girl named Meilin turns into a giant red panda whenever she gets too excited.,"90,525",Director:Domee Shi
Family Guy,1999– ,22,8.2,0,"Animation,Comedy","In a wacky Rhode Island town, a dysfunctional family strive to cope with everyday life as they are thrown from one crazy scenario to another.","326,969",
Encanto,2021,102,7.2,75,"Animation,Comedy,Family",A Colombian teenage girl has to face the frustration of being the only member of her family without magical powers.,"194,436","Directors:Jared Bush, Byron Howard, Charise Castro Smith"
Metal Lords,2022,97,6.7,59,"Comedy,Music",Two friends try to form a heavy metal band with a cellist for a Battle of the Bands.,"19,741",Director:Peter Sollett
Suits,2011–2019,44,8.5,0,"Comedy,Drama","On the run from a drug deal gone bad, brilliant college dropout Mike Ross finds himself working with Harvey Specter, one of New York City's best lawyers.","395,634",
Sex Education,2019– ,45,8.4,0,"Comedy,Drama",A teenage boy with a sex therapist mother teams up with a high school classmate to set up an underground sex therapy clinic at school.,"259,337",
One Piece: Wan pîsu,1999– ,24,8.8,0,"Animation,Action,Adventure","Follows the adventures of Monkey D. Luffy and his pirate crew in order to find the greatest treasure ever left by the legendary Pirate, Gold Roger. The famous mystery treasure named ""One Piece"".","112,564",
Brooklyn Nine-Nine,2013–2021,22,8.4,0,"Comedy,Crime","Comedy series following the exploits of Det. Jake Peralta and his diverse, lovable colleagues as they police the NYPD's 99th Precinct.","293,594",
Spy x Family,2022– ,25,9.0,0,"Animation,Action,Comedy","A spy on an undercover mission gets married and adopts a child as part of his cover. His wife and daughter have secrets of their own, and all three must strive to keep together.","5,965",
Licorice Pizza,2021,133,7.3,90,"Comedy,Drama,Romance","The story of Alana Kane and Gary Valentine growing up, running around and going through the treacherous navigation of first love in the San Fernando Valley, 1973.","80,042",Director:Paul Thomas Anderson
Made for Love,2021– ,30,6.8,0,"Comedy,Drama,Sci-Fi","A young woman, on the run after 10 years in a suffocating marriage to a tech billionaire, suddenly realizes that her husband has implanted a revolutionary monitoring device in her brain that allows him to track her every move.","8,909",
Castle,2009–2016,43,8.1,0,"Comedy,Crime,Drama","After a serial killer imitates the plots of his novels, successful mystery novelist Richard ""Rick"" Castle receives permission from the Mayor of New York City to tag along with an NYPD homicide investigation team for research purposes.","158,701",
The Suicide Squad,2021,132,7.2,72,"Action,Adventure,Comedy","Supervillains Harley Quinn, Bloodsport, Peacemaker, and a collection of nutty cons at Belle Reve prison join the super-secret, super-shady Task Force X as they are dropped off at the remote, enemy-infused island of Corto Maltese.","327,246",Director:James Gunn
Weird: The Al Yankovic Story,2022,0,0,0,"Biography,Comedy,Music","Explores every facet of Yankovic's life, from his meteoric rise to fame with early hits like 'Eat It' and 'Like a Surgeon' to his torrid celebrity love affairs and famously depraved lifestyle.",0,Director:Eric Appel
How I Met Your Mother,2005–2014,22,8.3,0,"Comedy,Romance",A father recounts to his children - through a series of flashbacks - the journey he and his four best friends took leading up to him meeting their mother.,"661,940",
Barbie,2023,0,0,0,"Action,Adventure,Comedy",Barbie lives in Barbie Land and then a story happens.,0,Director:Greta Gerwig
Rick and Morty,2013– ,23,9.2,0,"Animation,Adventure,Comedy",An animated series that follows the exploits of a super scientist and his not-so-bright grandson.,"474,030",
Shameless,2011–2021,46,8.6,0,"Comedy,Drama","A scrappy, feisty, fiercely loyal Chicago family makes no apologies.","230,257",
The Simpsons,1989– ,22,8.7,0,"Animation,Comedy",The satiric adventures of a working-class family in the misfit city of Springfield.,"394,737",
Sonic the Hedgehog,2020,99,6.5,47,"Action,Adventure,Comedy","After discovering a small, blue, fast hedgehog, a small-town police officer must help him defeat an evil genius who wants to do experiments on him.","126,973",Director:Jeff Fowler
Peacemaker,2022– ,40,8.4,0,"Action,Adventure,Comedy","Picking up where The Suicide Squad (2021) left off, Peacemaker returns home after recovering from his encounter with Bloodsport - only to discover that his freedom comes at a price.","91,938",
Fresh,2022,114,6.7,67,"Comedy,Horror,Thriller",The horrors of modern dating seen through one young woman's defiant battle to survive her new boyfriend's unusual appetites.,"36,320",Director:Mimi Cave
Ghostbusters: Afterlife,2021,124,7.1,45,"Adventure,Comedy,Fantasy","When a single mom and her two kids arrive in a small town, they begin to discover their connection to the original Ghostbusters and the secret legacy their grandfather left behind.","144,301",Director:Jason Reitman
The Bubble,2022,126,4.7,34,Comedy,A group of actors and actresses stuck inside a pandemic bubble at a hotel attempts to complete a film.,"20,104",Director:Judd Apatow
Free Guy,2021,115,7.1,62,"Action,Adventure,Comedy","A bank teller discovers that he's actually an NPC inside a brutal, open world video game.","335,609",Director:Shawn Levy
The Marvelous Mrs. Maisel,2017– ,57,8.7,0,"Comedy,Drama","After her husband leaves her, young mother of two Miriam ""Midge"" Maisel discovers that she has a talent for stand-up comedy. Could this be her calling?","108,805",
Community,2009–2015,22,8.5,0,Comedy,A suspended lawyer is forced to enroll in a community college with an eccentric staff and student body.,"252,590",
That '70s Show,1998–2006,22,8.1,0,"Comedy,Drama,Romance","A comedy revolving around a group of teenage friends, their mishaps, and their coming of age, set in 1970s Wisconsin.","165,880",
Minx,2022– ,30,7.7,0,Comedy,"In 1970s Los Angeles, an earnest young feminist joins forces with a low-rent publisher to create the first erotic magazine for women.","5,821",
Magic Mike XXL,2015,115,5.6,60,"Comedy,Drama,Music","Three years after Mike bowed out of the stripper life at the top of his game, he and the remaining Kings of Tampa hit the road to Myrtle Beach to put on one last blow-out performance.","55,600",Director:Gregory Jacobs
Pineapple Express,2008,111,6.9,64,"Action,Comedy,Crime",A process server and his marijuana dealer wind up on the run from hitmen and a corrupt police officer after he witnesses his dealer's boss murder a competitor while trying to serve papers on him.,"334,268",Director:David Gordon Green
Don't Look Up,2021,138,7.2,49,"Comedy,Drama,Sci-Fi",Two low-level astronomers must go on a giant media tour to warn mankind of an approaching comet that will destroy planet Earth.,"498,577",Director:Adam McKay
Death in Paradise,2011– ,60,7.8,0,"Comedy,Crime,Drama","A UK police DI is transferred to St-Marie to investigate murders on the island, but he hates the sun, sea, and sand. Later series see other English and Irish detectives take over the role.","19,892",
Cobra Kai,2018– ,30,8.6,0,"Action,Comedy,Drama","Decades after their 1984 All Valley Karate Tournament bout, a middle-aged Daniel LaRusso and Johnny Lawrence find themselves martial-arts rivals again.","163,881",
Sex and the City,1998–2004,30,7.2,0,"Comedy,Drama,Romance",Four female New Yorkers gossip about their sex lives (or lack thereof) and find new ways to deal with being a woman in the late 1990s.,"123,196",
Zombieland,2009,88,7.6,73,"Action,Comedy,Horror","A shy student trying to reach his family in Ohio, a gun-toting bruiser in search of the last Twinkie and a pair of sisters striving to get to an amusement park join forces in a trek across a zombie-filled America.","560,672",Director:Ruben Fleischer
Once Upon a Time in... Hollywood,2019,161,7.6,83,"Comedy,Drama",A faded television actor and his stunt double strive to achieve fame and success in the final years of Hollywood's Golden Age in 1969 Los Angeles.,"687,234",Director:Quentin Tarantino
Bones,2005–2017,40,7.8,0,"Comedy,Crime,Drama","Forensic anthropologist Dr. Temperance ""Bones"" Brennan and cocky F.B.I. Special Agent Seeley Booth build a team to investigate murders. Quite often, there isn't more to examine than rotten flesh or mere bones.","154,032",
The Umbrella Academy,2019– ,60,8.0,0,"Action,Adventure,Comedy","A family of former child heroes, now grown apart, must reunite to continue to protect the world.","202,562",
The Wolf of Wall Street,2013,180,8.2,75,"Biography,Comedy,Crime","Based on the true story of Jordan Belfort, from his rise to a wealthy stock-broker living the high life to his fall involving crime, corruption and the federal government.","1,340,402",Director:Martin Scorsese
Ghosts,2021– ,0,7.7,0,"Comedy,Fantasy","A young couple's dreams come true when they inherit a beautiful country house, only to find it's both falling apart and inhabited by many of the deceased previous residents.","12,588",
A Million Little Things,2018– ,43,7.9,0,"Comedy,Drama,Romance",A group of friends becomes motivated to living fuller lives after the unexpected death of a close friend.,"12,934",
Tusk,I 2014,102,5.3,55,"Comedy,Horror",A brash and arrogant podcaster gets more than he bargained for when he travels to Canada to interview a mysterious recluse... who has a rather disturbing fondness for walruses.,"51,833",Director:Kevin Smith
Two and a Half Men,2003–2015,22,7.1,0,"Comedy,Romance",A hedonistic jingle writer's free-wheeling life comes to an abrupt halt when his brother and 10-year-old nephew move into his beach-front house.,"257,331",
Schitt's Creek,2015–2020,22,8.5,0,Comedy,"When rich video-store magnate Johnny Rose and his family suddenly find themselves broke, they are forced to leave their pampered lives to regroup in Schitt's Creek.","112,559",
Parks and Recreation,2009–2015,22,8.6,0,Comedy,The absurd antics of an Indiana town's public officials as they pursue sundry projects to make their city a better place.,"247,655",
Gilmore Girls,2000–2007,44,8.2,0,"Comedy,Drama","A dramedy centering around the relationship between a thirtysomething single mother and her teen daughter living in Stars Hollow, Connecticut.","119,041",
New Girl,2011–2018,22,7.7,0,"Comedy,Romance","After a bad break-up, Jess, an offbeat young woman, moves into an apartment loft with three single men. Although they find her behavior very unusual, the men support her - most of the time.","216,230",
Verdens verste menneske,2021,128,7.9,90,"Comedy,Drama,Romance","The chronicles of four years in the life of Julie, a young woman who navigates the troubled waters of her love life and struggles to find her career path, leading her to take a realistic look at who she really is.","41,113",Director:Joachim Trier
Dog,I 2022,101,6.5,61,"Comedy,Drama",Two former Army Rangers are paired against their will on the road trip of a lifetime. Briggs (Channing Tatum) and Lulu (a Belgian Malinois) race down the Pacific Coast to get to a fellow soldier's funeral on time.,"18,115","Directors:Reid Carolin, Channing Tatum"
DC League of Super-Pets,2022,0,0,0,"Animation,Action,Adventure","Krypto the Super-Dog and Superman are inseparable best friends, sharing the same superpowers and fighting crime side by side in Metropolis. However, Krypto must master his own powers for a rescue mission when Superman is kidnapped.",0,"Directors:Jared Stern, Sam Levine"
The French Dispatch,2021,107,7.2,74,"Comedy,Drama,Romance","A love letter to journalists set in an outpost of an American newspaper in a fictional twentieth century French city that brings to life a collection of stories published in ""The French Dispatch Magazine"".","104,683",Director:Wes Anderson
Roar,2022– ,0,5.3,0,"Comedy,Drama","An insightful, poignant, and sometimes hilarious portrait of what it means to be a woman today. Featuring a unique blend of magical realism, familiar domestic and professional scenarios, and futuristic worlds.","1,615",
The Righteous Gemstones,2019– ,36,8.1,0,"Comedy,Drama","Follows a world-famous televangelist family with a long tradition of deviance, greed, and charitable work.","30,207",
Orange Is the New Black,2013–2019,59,8.1,0,"Comedy,Crime,Drama","Convicted of a decade old crime of transporting drug money to an ex-girlfriend, normally law-abiding Piper Chapman is sentenced to a year and a half behind bars to face the reality of how life-changing prison can really be.","295,609",
How I Met Your Father,2022– ,24,5.3,0,"Comedy,Drama","Sophie and her close-knit group of friends are in the midst of figuring out who they are, what they want out of life, and how to fall in love in the age of dating apps and limitless options.","11,861",
Piranha 3D,2010,88,5.5,53,"Comedy,Horror","After a sudden underwater tremor sets free scores of the prehistoric man-eating fish, an unlikely group of strangers must band together to stop themselves from becoming fish food for the area's new razor-toothed residents.","90,060",Director:Alexandre Aja
South Park,1997– ,22,8.7,0,"Animation,Comedy","Follows the misadventures of four irreverent grade-schoolers in the quiet, dysfunctional town of South Park, Colorado.","359,610",
A League of Their Own,1992,128,7.3,69,"Comedy,Drama,Sport",Two sisters join the first female professional baseball league and struggle to help it succeed amidst their own growing rivalry.,"104,279",Director:Penny Marshall
Bob's Burgers,2011– ,22,8.2,0,"Animation,Comedy",Bob Belcher runs his dream restaurant with his wife and three children as their last hope of holding the family together.,"76,678",
Arrested Development,2003–2019,22,8.7,0,Comedy,"Level-headed son Michael Bluth takes over family affairs after his father is imprisoned. But the rest of his spoiled, dysfunctional family are making his job unbearable.","297,541",
The Baby,2022,226,5.8,0,"Comedy,Horror","Follows Natasha, who is furious that her closest friends are all having babies. But when she is unexpectedly landed with a baby of her own, her life dramatically implodes and twists her life into a surreal horror show.",572,
Curb Your Enthusiasm,2000– ,28,8.8,0,Comedy,The life and times of Larry David and the predicaments he gets himself into with his friends and complete strangers.,"123,738",
Guardians of the Galaxy,2014,121,8.0,76,"Action,Adventure,Comedy",A group of intergalactic criminals must pull together to stop a fanatical warrior with plans to purge the universe.,"1,139,469",Director:James Gunn
Frasier,1993–2004,22,8.2,0,Comedy,"Dr. Frasier Crane moves back to his hometown of Seattle, where he lives with his father, and works as a radio psychiatrist.","82,009",
Thor: Ragnarok,2017,130,7.9,74,"Action,Adventure,Comedy","Imprisoned on the planet Sakaar, Thor must race against time to return to Asgard and stop Ragnarök, the destruction of his world, at the hands of the powerful and ruthless villain Hela.","697,327",Director:Taika Waititi
Hacks,2021– ,30,8.2,0,"Comedy,Drama","Explores a dark mentorship that forms between Deborah Vance, a legendary Las Vegas comedian, and an entitled, outcast 25-year-old.","19,912",
Loin du périph,2022,119,5.7,43,"Action,Comedy,Crime","Diakité and Monge as police officers who are the complete opposite, and get paired together to uncover an unexpectedly big criminal case.","1,850",Director:Louis Leterrier
Superstore,2015–2021,22,7.8,0,Comedy,A look at the lives of employees at a big box store.,"53,158",
What We Do in the Shadows,2019– ,30,8.6,0,"Comedy,Fantasy,Horror","A look into the daily (or rather, nightly) lives of three vampires, who've lived together for over 100 years, on Staten Island.","65,153",
Knives Out,2019,130,7.9,82,"Comedy,Crime,Drama","A detective investigates the death of the patriarch of an eccentric, combative family.","589,364",Director:Rian Johnson
The Sex Lives of College Girls,2021– ,39,7.7,0,Comedy,"Four 18-year-old freshman roommates at Essex College in Vermont. A bundle of contradictions and hormones, these sexually active college girls are equal parts lovable and infuriating.","12,983",
Upload,2020– ,30,7.9,0,"Comedy,Mystery,Sci-Fi","A man is able to choose his own afterlife after his untimely death, by having his consciousness uploaded into a virtual world. As he gets used to his new life and befriends his angel (real world handler), questions about his death arise.","63,094",
Scrubs,2001–2010,22,8.4,0,"Comedy,Drama","In the unreal world of Sacred Heart Hospital, intern John ""J.D."" Dorian learns the ways of medicine, friendship and life.","251,165",
Gisaengchung,2019,132,8.5,96,"Comedy,Drama,Thriller",Greed and class discrimination threaten the newly formed symbiotic relationship between the wealthy Park family and the destitute Kim clan.,"742,170",Director:Bong Joon Ho
Bull,2016–2022,60,7.0,0,"Comedy,Crime,Drama","Brilliant, brash, and charming, Dr. Bull is the ultimate puppet master as he combines psychology, human intuition, and high-tech data to learn what makes jurors, attorneys, witnesses, and the accused tick.","19,036",
Malcolm in the Middle,2000–2006,22,8.1,0,"Comedy,Family","A gifted young teen tries to survive life with his dimwitted, dysfunctional family.","128,044",
Emergency,2022,105,7.3,71,"Comedy,Drama","Ready for a night of legendary partying, three college students must weigh the pros and cons of calling the police when faced with an unexpected situation.",256,Director:Carey Williams
Charlie and the Chocolate Factory,2005,115,6.6,72,"Adventure,Comedy,Family","A young boy wins a tour through the most magnificent chocolate factory in the world, led by the world's most unusual candy maker.","465,962",Director:Tim Burton
Pitch Perfect,2012,112,7.1,66,"Comedy,Music,Romance","Beca, a freshman at Barden University, is cajoled into joining The Bellas, her school's all-girls singing group. Injecting some much needed energy into their repertoire, The Bellas take on their male rivals in a campus competition.","299,803",Director:Jason Moore
I Love That for You,2022– ,30,7.2,0,Comedy,A woman overcomes childhood leukemia to achieve her dream of becoming an on-air host at a home shopping network.,301,
The Orville,2017– ,44,8.0,0,"Adventure,Comedy,Drama",An exploratory ship from Earth faces intergalactic challenges 400 years in the future.,"69,082",
The Goldbergs,2013– ,22,8.1,0,Comedy,"This ABC show takes place in Jenkintown, Pennsylvania in the 1980s and follows the lives of a family named The Goldbergs.","36,504",
The Owl House,2020– ,22,8.1,0,"Animation,Action,Adventure","Accidentally sent to the world of the Boiling Isles before a trip to summer camp, a teenage human named Luz longs to become a witch, with the rebellious Eda and pint-sized demon King at her aid.","9,029",
Amor de madre,2022,110,5.8,0,Comedy,"A young man is stood up at the altar. His overprotective mother decides to join him is what would have been his honeymoon, so as not to waste the trip. He ails while his mum enjoys the trip of her life.","1,521",Director:Paco Caballero
BoJack Horseman,2014–2020,25,8.8,0,"Animation,Comedy,Drama","BoJack Horseman was the star of the hit television show ""Horsin' Around"" in the '80s and '90s, but now he's washed up, living in Hollywood, complaining about everything, and wearing colorful sweaters.","143,603",
Only Murders in the Building,2021– ,30,8.1,0,"Comedy,Crime,Drama",Three strangers who share an obsession with true crime suddenly find themselves caught up in one.,"66,696",
"Love, Death & Robots",2019– ,15,8.4,0,"Animation,Short,Action","A collection of animated short stories that span various genres including science fiction, fantasy, horror and comedy.","135,461",
Young Rock,2021– ,0,7.9,0,Comedy,A look at the formative years of superstar Dwayne 'The Rock' Johnson as he grows up through life.,"16,118",
Deadpool,2016,108,8.0,65,"Action,Adventure,Comedy","A wisecracking mercenary gets experimented on and becomes immortal but ugly, and sets out to track down the man who ruined his looks.","996,141",Director:Tim Miller
The Goonies,1985,114,7.7,62,"Adventure,Comedy,Family",A group of young misfits called The Goonies discover an ancient map and set out on an adventure to find a legendary pirate's long-lost treasure.,"265,047",Director:Richard Donner
Grease,1978,110,7.2,70,"Comedy,Musical,Romance","Good girl Sandy Olsson and greaser Danny Zuko fell in love over the summer. When they unexpectedly discover they're now in the same high school, will they be able to rekindle their romance?","263,676",Director:Randal Kleiser
Psych,2006–2014,44,8.4,0,"Comedy,Crime,Mystery","A novice sleuth is hired by the Police after he cons them into thinking he has psychic powers which help solve crimes. With the assistance of his reluctant best friend, the duo take on a series of complicated cases.","95,095",
Operation Fortune: Ruse de guerre,2022,114,7.4,0,"Action,Comedy,Thriller",Special agent Orson Fortune and his team of operatives recruit one of Hollywood's biggest movie stars to help them on an undercover mission when the sale of a deadly new weapons technology threatens to disrupt the world order.,227,Director:Guy Ritchie
Chip 'n' Dale: Rescue Rangers,2022,0,0,0,"Animation,Adventure,Comedy","A live-action film featuring animated version of Disney's chipmunks, Chip and Dale.",0,Director:Akiva Schaffer
Call Me Kat,2021– ,21,5.0,0,Comedy,A 39-year-old woman decides to use the money her parents had been saving for her wedding to open a cat-themed cafe.,"5,764",
Better Things,2016–2022,22,7.8,0,"Comedy,Drama",An actress raises her three daughters while juggling the pressures of working in Hollywood and being a single parent.,"15,115",
Jackass Forever,2022,96,7.0,74,"Documentary,Action,Comedy","After 11 years, the Jackass crew is back for another crusade.","32,736",Director:Jeff Tremaine
Sen Çal Kapimi,2020–2021,120,7.1,0,"Comedy,Romance","Due to circumstances, Serkan and Eda will have to pretend to be engaged. Comedy begins. And romance?","8,958",
The White Lotus,2021–2022,60,7.6,0,"Comedy,Drama","Set in a tropical resort, it follows the exploits of various guests and employees over the span of a week.","57,257",
The Great,2020– ,45,8.2,0,"Biography,Comedy,Drama","A royal woman living in rural Russia during the 18th century is forced to choose between her own personal happiness and the future of Russia, when she marries an Emperor.","38,974",
The Good Place,2016–2020,22,8.2,0,"Comedy,Drama,Fantasy",Four people and their otherworldly frienemy struggle in the afterlife to define what it means to be good.,"148,593",
Spider-Man: Into the Spider-Verse,2018,117,8.4,87,"Animation,Action,Adventure","Teen Miles Morales becomes the Spider-Man of his universe, and must join with five spider-powered individuals from other dimensions to stop a threat for all realities.","489,277","Directors:Bob Persichetti, Peter Ramsey, Rodney Rothman"
Crazy Rich Asians,2018,120,6.9,74,"Comedy,Drama,Romance","This contemporary romantic comedy, based on a global bestseller, follows native New Yorker Rachel Chu to Singapore to meet her boyfriend's family.","166,209",Director:Jon M. Chu
M*A*S*H,1972–1983,25,8.4,0,"Comedy,Drama,War",The staff of an Army hospital in the Korean War find that laughter is the best way to deal with their situation.,"55,936",
Senior Year,2022,111,0,0,"Comedy,Drama","A cheerleading stunt gone wrong landed her in a 20-year coma. Now she's 37, newly awake and ready to live out her high school dream: becoming prom queen.",0,Director:Alex Hardcastle
Monk,2002–2009,44,8.0,0,"Comedy,Crime,Drama","The series follows Adrian Monk, a brilliant former San Francisco detective, who now consults the police as a private consultant who battles with an obsessive-compulsive disorder.","73,379",
Sex/Life,2021– ,45,5.4,0,"Comedy,Drama,Romance",A suburban mother of two takes a fantasy-charged trip down memory lane that sets her very married present on a collision course with her wild-child past.,"19,679",
Revenge of the Nerds,1984,90,6.6,44,Comedy,"At Adams College, a group of bullied outcasts and misfits resolve to fight back for their peace and self-respect.","53,219",Director:Jeff Kanew
Red Notice,2021,118,6.3,37,"Action,Comedy,Thriller",An Interpol agent tracks the world's most wanted art thief.,"255,406",Director:Rawson Marshall Thurber
The O.C.,2003–2007,44,7.5,0,"Comedy,Drama,Romance","A troubled youth becomes embroiled in the lives of a close-knit group of people in the wealthy, upper-class neighborhood of Newport Beach, Orange County, California.","87,658",
Resident Alien,2021– ,44,8.1,0,"Comedy,Drama,Mystery",A crash-landed alien takes on the identity of a small-town Colorado doctor and slowly begins to wrestle with the moral dilemma of his secret mission on Earth.,"35,239",
Inside No. 9,2014– ,30,8.5,0,"Comedy,Crime,Drama","Anthology series which mixes dark humor with genres like crime, horror or drama. The show invites viewers into some very different No.9s, where the ordinary and mundane rub shoulders with the extraordinary and macabre.","16,078",
Letterkenny,2016– ,30,8.7,0,Comedy,"Quick-witted, fast-paced snappy comedy about rural folk getting by in a small town.","21,178",
American Pie,1999,95,7.0,58,Comedy,Four teenage boys enter a pact to lose their virginity by prom night.,"399,281","Directors:Paul Weitz, Chris Weitz"
Killing It,2022– ,0,7.1,0,Comedy,"Class, capitalism and one man's quest to achieve the American dream.","1,381",
Guardians of the Galaxy Vol. 2,2017,136,7.6,67,"Action,Adventure,Comedy","The Guardians struggle to keep together as a team while dealing with their personal family issues, notably Star-Lord's encounter with his father the ambitious celestial being Ego.","649,615",Director:James Gunn
Good Girls,2018–2021,43,7.7,0,"Comedy,Crime,Drama",Three suburban mothers suddenly find themselves in desperate circumstances and decide to stop playing it safe and risk everything to take their power back.,"49,871",
Charlie's Angels,2019,118,4.9,52,"Action,Adventure,Comedy","When a young systems engineer blows the whistle on a dangerous technology, Charlie's Angels are called into action, putting their lives on the line to protect us all.","70,810",Director:Elizabeth Banks
Desperate Housewives,2004–2012,45,7.6,0,"Comedy,Drama,Mystery","Secrets and truths unfold through the lives of female friends in one suburban neighborhood, after the mysterious suicide of a neighbor.","125,944",
Jumanji: The Next Level,2019,123,6.7,58,"Action,Adventure,Comedy","In Jumanji: The Next Level, the gang is back but the game has changed. As they return to rescue one of their own, the players will have to brave parts unknown from arid deserts to snowy mountains, to escape the world's most dangerous game.","238,345",Director:Jake Kasdan
The Truman Show,1998,103,8.2,90,"Comedy,Drama",An insurance salesman discovers his whole life is actually a reality TV show.,"1,035,905",Director:Peter Weir
Beetle Juice,1988,92,7.5,70,"Comedy,Fantasy","The spirits of a deceased couple are harassed by an unbearable family that has moved into their home, and hire a malicious spirit to drive them out.","291,152",Director:Tim Burton
Cheers,1982–1993,22,7.9,0,"Comedy,Drama","The regulars of the Boston bar ""Cheers"" share their experiences and lives with each other while drinking or working at the bar where everybody knows your name.","53,459",
After Life,2019–2022,30,8.5,0,"Comedy,Drama","After Tony's wife dies, his nice-guy persona is altered into an impulsive, devil-may-care attitude; taking his old world by storm.","127,961",
Ghosts,2019– ,30,8.3,0,"Comedy,Fantasy",A group of spirits restlessly squabble in an abandoned country home. A new couple move in and will the ghosts end up being friends with the couple or will they want them out.,"14,276",
The Outlaws,2021– ,0,7.6,0,"Comedy,Crime,Drama",Seven strangers from different walks of life forced together to complete a community payback sentence in Bristol.,"7,530",
Kingsman: The Secret Service,2014,129,7.7,60,"Action,Adventure,Comedy","A spy organisation recruits a promising street kid into the agency's training program, while a global threat emerges from a twisted tech genius.","652,076",Director:Matthew Vaughn
Abbott Elementary,2021– ,22,8.2,0,Comedy,"Follows a group of teachers brought together in one of the worst public schools in the country, simply because they love teaching.","8,002",
Back to the Future,1985,116,8.5,87,"Adventure,Comedy,Sci-Fi","Marty McFly, a 17-year-old high school student, is accidentally sent thirty years into the past in a time-traveling DeLorean invented by his close friend, the eccentric scientist Doc Brown.","1,159,963",Director:Robert Zemeckis
Cry-Baby,1990,85,6.4,63,"Comedy,Musical","In 1950s Baltimore, a bad boy with a heart of gold wins the love of a good girl, whose boyfriend sets out for revenge.","59,419",Director:John Waters
Marry Me,2022,112,6.1,51,"Comedy,Music,Romance","Music superstars Kat Valdez and Bastian are getting married before a global audience of fans. But when Kat learns, seconds before her vows, that Bastian has been unfaithful, she instead decides to marry Charlie, a stranger in the crowd.","21,862",Director:Kat Coiro
The Golden Girls,1985–1992,30,8.1,0,"Comedy,Drama","Four previously married women live together in Miami, sharing their various experiences together and enjoying themselves despite hard times.","40,315",
"Crazy, Stupid, Love.",2011,118,7.4,68,"Comedy,Drama,Romance","A middle-aged husband's life changes dramatically when his wife asks him for a divorce. He seeks to rediscover his manhood with the help of a newfound friend, Jacob, learning to pick up girls at bars.","508,342","Directors:Glenn Ficarra, John Requa"
Rumspringa,II 2022,101,5.2,0,Comedy,"A young Amish man travels to Berlin on a rite of passage to connect with his roots, explore other ways of life, fall in love — and face a big decision.",533,Director:Mira Thiel
Cruella,2021,134,7.3,59,"Adventure,Comedy,Crime",A live-action prequel feature film following a young Cruella de Vil.,"219,961",Director:Craig Gillespie
Space Force,2020–2022,30,6.7,0,Comedy,The people tasked with creating a sixth branch of the armed services: The Space Force.,"62,159",
Jojo Rabbit,2019,108,7.9,58,"Comedy,Drama,War",A young German boy in the Hitler Youth whose hero and imaginary friend is the country's dictator is shocked to discover that his mother is hiding a Jewish girl in their home.,"367,992",Director:Taika Waititi
Ghostbusters,1984,105,7.8,71,"Action,Comedy,Fantasy","Three parapsychologists forced out of their university funding set up shop as a unique ghost removal service in New York City, attracting frightened yet skeptical customers.","404,382",Director:Ivan Reitman
Dazed and Confused,1993,103,7.6,78,Comedy,The adventures of high school and junior high students on the last day of school in May 1976.,"179,708",Director:Richard Linklater
Ms. Marvel,2022– ,0,0,0,"Action,Adventure,Comedy",New Jersey raised Kamala Khan learns she has polymorphous powers.,0,
Entourage,2004–2011,28,8.5,0,"Comedy,Drama",Film star Vince Chase navigates the vapid terrain of Los Angeles with a close circle of friends and his trusty agent.,"166,648",
Deadpool 2,2018,119,7.7,66,"Action,Adventure,Comedy","Foul-mouthed mutant mercenary Wade Wilson (a.k.a. Deadpool) assembles a team of fellow mutant rogues to protect a young boy with supernatural abilities from the brutal, time-traveling cyborg Cable.","553,230",Director:David Leitch
Agatha Raisin,2014– ,60,7.2,0,"Comedy,Crime,Drama",The Cotswolds-based PR guru turned amateur sleuth returns for a series of comedic murder-mysteries based on the books by M.C. Beaton.,"4,746",
The King of Staten Island,2020,136,7.1,67,"Comedy,Drama",Scott has been a case of arrested development since his firefighter dad died. He spends his days smoking weed and dreaming of being a tattoo artist until events force him to grapple with his grief and take his first steps forward in life.,"62,274",Director:Judd Apatow
Saturday Night Live,1975– ,90,8.0,0,"Comedy,Music",A famous guest host stars in parodies and sketches created by the cast of this witty show.,"47,909",
iCarly,2021– ,26,6.5,0,"Comedy,Drama,Romance",A group of best friends creating a webcast while grappling with everyday problems and adventures.,"4,282",
Archer,2009– ,22,8.6,0,"Animation,Action,Comedy",Covert black ops and espionage take a back seat to zany personalities and relationships between secret agents and drones.,"150,744",
Fear and Loathing in Las Vegas,1998,118,7.5,41,"Adventure,Comedy,Drama",An oddball journalist and his psychopathic lawyer travel to Las Vegas for a series of psychedelic escapades.,"276,618",Director:Terry Gilliam
Wonka,2023,0,0,0,"Adventure,Comedy,Family",The story will focus specifically on a young Willy Wonka and how he met the Oompa-Loompas on one of his earliest adventures.,0,Director:Paul King
Dollface,2019–2022,29,7.4,0,Comedy,"After breaking up with her longtime boyfriend, a woman tries to reconnect with the friends she lost during the relationship.","8,734",
"O Brother, Where Art Thou?",2000,107,7.7,69,"Adventure,Comedy,Crime","In the deep south during the 1930s, three escaped convicts search for hidden treasure while a relentless lawman pursues them.","306,557","Directors:Joel Coen, Ethan Coen"
Mom,2013–2021,30,7.3,0,"Comedy,Drama,Romance",A newly sober single mom tries to pull her life together in Napa Valley while dealing with her wayward mother.,"34,253",
Glee,2009–2015,44,6.8,0,"Comedy,Drama,Music",A group of ambitious misfits try to escape the harsh realities of high school by joining a glee club headed by a passionate Spanish teacher.,"145,457",
SpongeBob SquarePants,1999– ,23,8.2,0,"Animation,Comedy,Family","The misadventures of a talking sea sponge who works at a fast food restaurant, attends a boating school, and lives in an underwater pineapple.","94,714",
Dark Shadows,2012,113,6.2,55,"Comedy,Fantasy,Horror","An imprisoned vampire, Barnabas Collins, is set free and returns to his ancestral home, where his dysfunctional descendants are in need of his protection.","262,970",Director:Tim Burton
Swiss Army Man,2016,97,6.9,64,"Comedy,Drama,Fantasy","A hopeless man stranded on a deserted island befriends a dead body, and together they go on a surreal journey to get home.","116,760","Directors:Dan Kwan, Daniel Scheinert"
Clueless,1995,97,6.9,68,"Comedy,Romance","Shallow, rich and socially successful Cher is at the top of her Beverly Hills high school's pecking scale. Seeing herself as a matchmaker, Cher first coaxes two teachers into dating each other.","208,550",Director:Amy Heckerling
Mean Girls,2004,97,7.1,66,Comedy,"Cady Heron is a hit with The Plastics, the A-list girl clique at her new school, until she makes the mistake of falling for Aaron Samuels, the ex-boyfriend of alpha Plastic Regina George.","370,420",Director:Mark Waters
Futurama,1999–2023,22,8.5,0,"Animation,Adventure,Comedy","Philip J. Fry, a pizza delivery boy, is accidentally frozen in 1999 and thawed out on New Year's Eve 2999.","230,375",
Weird Science,1985,94,6.6,46,"Comedy,Romance,Sci-Fi","Two high school nerds use a computer program to literally create the perfect woman, but she turns their lives upside down.","87,305",Director:John Hughes
We're the Millers,2013,110,7.0,44,"Comedy,Crime",A veteran pot dealer creates a fake family as part of his plan to move a huge shipment of weed into the U.S. from Mexico.,"438,855",Director:Rawson Marshall Thurber
Hitman's Wife's Bodyguard,2021,100,6.1,32,"Action,Comedy,Crime","The bodyguard, Michael Bryce, continues his friendship with assassin, Darius Kincaid, as they try to save Darius' wife Sonia.","83,829",Director:Patrick Hughes
Happy Gilmore,1996,92,7.0,31,"Comedy,Sport",A rejected hockey player puts his skills to the golf course to save his grandmother's house.,"217,985",Director:Dennis Dugan
Austin Powers: International Man of Mystery,1997,94,7.0,51,"Adventure,Comedy",A world-class playboy and part-time secret agent from the 1960s emerges after thirty years in a cryogenic state to battle with his nemesis Dr. Evil.,"236,201",Director:Jay Roach
Dead to Me,2019–2022,30,8.0,0,"Comedy,Crime,Drama",A series about a powerful friendship that blossoms between a tightly wound widow and a free spirit with a shocking secret.,"73,291",
Cars,2006,117,7.2,73,"Animation,Adventure,Comedy","A hot-shot race-car named Lightning McQueen gets waylaid in Radiator Springs, where he finds the true meaning of friendship and family.","405,872","Directors:John Lasseter, Joe Ranft"
Fleabag,2016–2019,27,8.7,0,"Comedy,Drama",A comedy series adapted from the award-winning play about a young woman trying to cope with life in London whilst coming to terms with a recent tragedy.,"139,785",
Jungle Cruise,2021,127,6.6,50,"Action,Adventure,Comedy",Based on Disneyland's theme park ride where a small riverboat takes a group of travelers through a jungle filled with dangerous animals and reptiles but with a supernatural element.,"176,811",Director:Jaume Collet-Serra
The Big Lebowski,1998,117,8.1,71,"Comedy,Crime","Ultimate L.A. slacker Jeff ""The Dude"" Lebowski, mistaken for a millionaire of the same name, seeks restitution for a rug ruined by debt collectors, enlisting his bowling buddies for help while trying to find the millionaire's missing wife.","790,240","Directors:Joel Coen, Ethan Coen"
The Sandlot,1993,101,7.8,55,"Comedy,Drama,Family","In the summer of 1962, a new kid in town is taken under the wing of a young baseball prodigy and his rowdy team, resulting in many adventures.","89,009",Director:David Mickey Evans
Emily in Paris,2020– ,30,6.9,0,"Comedy,Drama,Romance",A young American woman from the Midwest is hired by a marketing firm in Paris to provide them with an American perspective on things.,"84,314",
Sing,2016,108,7.1,59,"Animation,Comedy,Family","In a city of humanoid animals, a hustling theater impresario's attempt to save his theater with a singing competition becomes grander than he anticipates even as its finalists find that their lives will never be the same.","162,239","Directors:Garth Jennings, Christophe Lourdelet"
Doom Patrol,2019– ,60,7.8,0,"Action,Adventure,Comedy",The adventures of an idealistic mad scientist and his field team of superpowered outcasts.,"49,786",
Moana,I 2016,107,7.6,81,"Animation,Adventure,Comedy","In Ancient Polynesia, when a terrible curse incurred by the Demigod Maui reaches Moana's island, she answers the Ocean's call to seek out the Demigod to set things right.","320,591","Directors:Ron Clements, John Musker, Don Hall, Chris Williams"
Naruto: Shippûden,2007–2017,24,8.7,0,"Animation,Action,Adventure","Naruto Uzumaki, is a loud, hyperactive, adolescent ninja who constantly searches for approval and recognition, as well as to become Hokage, who is acknowledged as the leader and strongest of all ninja in the village.","115,855",
The Love Boat,1977–1987,60,6.2,0,"Comedy,Drama,Romance","The romantic and comic tales of the passengers and crew of the cruise ship, Pacific Princess.","11,265",
Red Rocket,2021,130,7.2,76,"Comedy,Drama","Mikey Saber is a washed-up porn star who returns to his small Texas hometown, not that anyone really wants him back.","17,559",Director:Sean Baker
Naruto,2002–2007,24,8.4,0,"Animation,Action,Adventure","Naruto Uzumaki, a mischievous adolescent ninja, struggles as he searches for recognition and dreams of becoming the Hokage, the village's leader and strongest ninja.","93,969",
Six Feet Under,2001–2005,60,8.7,0,"Comedy,Drama",A chronicle of the lives of a dysfunctional family who run an independent funeral home in Los Angeles.,"132,072",
The Andy Griffith Show,1960–1968,30,8.4,0,"Comedy,Family","Widower Sheriff Andy Taylor, and his son Opie, live with Andy's Aunt Bee in Mayberry, North Carolina. With virtually no crimes to solve, most of Andy's time is spent philosophizing and calming down his cousin Deputy Barney Fife.","14,596",
Army of Darkness,1992,81,7.4,59,"Comedy,Horror","A sardonic hardware store clerk is accidentally transported to 1300 A.D., where he must retrieve the Necronomicon and battle an army of the dead so he can return home.","174,124",Director:Sam Raimi
Army of Thieves,2021,127,6.4,49,"Action,Comedy,Crime","A prequel, set before the events of Army of the Dead, which focuses on German safecracker Ludwig Dieter leading a group of aspiring thieves on a top secret heist during the early stages of the zombie apocalypse.","71,051",Director:Matthias Schweighöfer
Boy Meets World,1993–2000,23,8.1,0,"Comedy,Drama,Family",An adolescent with two siblings tests his various theories about life as he endures the trials of growing up alongside a good friend.,"42,140",
The Hating Game,2021,102,6.2,0,"Comedy,Romance","Resolving to achieve professional success without compromising her ethics, Lucy embarks on a ruthless game of one-upmanship against cold and efficient nemesis Joshua, a rivalry that is complicated by her growing attraction to him.","11,388",Director:Peter Hutchings
The Grand Budapest Hotel,2014,99,8.1,88,"Adventure,Comedy,Crime","A writer encounters the owner of an aging high-class hotel, who tells him of his early years serving as a lobby boy in the hotel's glorious years under an exceptional concierge.","780,612",Director:Wes Anderson
Girls5eva,2021– ,30,7.1,0,"Comedy,Music",A one-hit-wonder band from the '90s gets a second shot at fame when a young rapper samples their song.,"2,996",
Office Space,1999,89,7.7,68,Comedy,Three company workers who hate their jobs decide to rebel against their greedy boss.,"260,763",Director:Mike Judge
Airplane!,1980,88,7.7,78,Comedy,A man afraid to fly must ensure that a plane lands safely after the pilots become sick.,"233,196","Directors:Jim Abrahams, David Zucker, Jerry Zucker"
The Girl Next Door,2004,109,6.7,47,"Comedy,Drama,Romance",A teenager's dreams come true when a former porn star moves in next door and they fall in love.,"221,362",Director:Luke Greenfield
Hook,1991,142,6.8,52,"Adventure,Comedy,Family","When Captain James Hook kidnaps his children, an adult Peter Pan must return to Neverland and reclaim his youthful spirit in order to challenge his old enemy.","250,136",Director:Steven Spielberg
Guardians of the Galaxy Vol. 3,2023,0,0,0,"Action,Adventure,Comedy",Plot unknown. Third installment of the 'Guardians of the Galaxy' franchise.,0,Director:James Gunn
Dolittle,2020,101,5.6,26,"Adventure,Comedy,Family",A physician who can talk to animals embarks on an adventure to find a legendary island with a young apprentice and a crew of strange pets.,"62,316",Director:Stephen Gaghan
The Neighborhood,I 2018– ,30,6.4,0,Comedy,A friendly guy from the Midwest tries to fit in in a tough L.A. neighborhood.,"7,010",
Love Actually,2003,135,7.6,55,"Comedy,Drama,Romance","Follows the lives of eight very different couples in dealing with their love lives in various loosely interrelated tales all set during a frantic month before Christmas in London, England.","474,401",Director:Richard Curtis
Bachchhan Paandey,2022,147,6.5,0,"Action,Comedy,Crime",A budding director tries to research a merciless gangster for making a film on gangster-ism. But her secret attempts to conduct the research fail when she gets caught for snooping.,"33,442",Director:Farhad Samji
Good Trouble,2019– ,45,7.4,0,"Comedy,Drama,Romance",Callie and Mariana Foster move to Los Angeles and begin their lives as young adults.,"6,621",
30 Rock,2006–2013,22,8.3,0,Comedy,"Liz Lemon, head writer of the sketch comedy show ""TGS with Tracy Jordan"", must deal with an arrogant new boss and a crazy new star, all while trying to run a successful television show without losing her mind.","121,508",
Sixteen Candles,1984,93,7.0,61,"Comedy,Romance","A girl's ""sweet"" sixteenth birthday becomes anything but special, as she suffers from every embarrassment possible.","114,155",Director:John Hughes
Forgetting Sarah Marshall,2008,111,7.1,67,"Comedy,Drama,Romance","Devastated Peter takes a Hawaiian vacation in order to deal with the recent break-up with his TV star girlfriend, Sarah. Little does he know, Sarah's traveling to the same resort as her ex - and she's bringing along her new boyfriend.","280,550",Director:Nicholas Stoller
Shakespeare & Hathaway - Private Investigators,2018– ,45,7.6,0,"Comedy,Crime,Drama",An oddball couple of private detectives named Luella Shakespeare and Frank Hathaway investigate crime in Stratford-upon-Avon.,"4,017",
Return to Mayberry,1986 TV Movie,95,6.9,0,"Comedy,Romance","After being away for awhile, Andy Taylor returns home to Mayberry to visit Opie, now an expectant father. While there, he ends up helping Barney Fife mount a campaign for Sheriff.",993,Director:Bob Sweeney
White Collar,2009–2014,40,8.3,0,"Comedy,Crime,Drama","A white-collar criminal agrees to help the FBI catch other white-collar criminals using his expertise as an art and securities thief, counterfeiter, and conman.","128,624",
Mrs. Harris Goes to Paris,2022,92,0,0,"Comedy,Drama","A widowed cleaning lady in 1950s London falls madly in love with a couture Dior dress, and decides that she must have one of her own.",0,Director:Anthony Fabian
Snatch,2000,104,8.3,55,"Comedy,Crime","Unscrupulous boxing promoters, violent bookmakers, a Russian gangster, incompetent amateur robbers and supposedly Jewish jewelers fight to track down a priceless stolen diamond.","836,398",Director:Guy Ritchie
Aşk ve Canavarlar,I 2020,109,6.9,63,"Action,Adventure,Comedy","Seven years after he survived the monster apocalypse, lovably hapless Joel leaves his cozy underground bunker behind on a quest to reunite with his ex.","120,922",Director:Michael Matthews
Singin' in the Rain,1952,103,8.3,99,"Comedy,Musical,Romance",A silent film star falls for a chorus girl just as he and his delusionally jealous screen partner are trying to make the difficult transition to talking pictures in 1920s Hollywood.,"236,994","Directors:Stanley Donen, Gene Kelly"
American Dad!,2005– ,22,7.4,0,"Animation,Comedy","The random escapades of Stan Smith, a conservative C.I.A. Agent dealing with family life, and keeping America safe, all in the most absurd way possible.","124,884",
The Professor,2018,90,6.7,37,"Comedy,Drama",A college professor lives his life with reckless abandon after being diagnosed with a terminal illness.,"30,851",Director:Wayne Roberts
Dodgeball: A True Underdog Story,2004,92,6.7,55,"Comedy,Sport",A group of misfits enter a Las Vegas dodgeball tournament in order to save their cherished local gym from the onslaught of a corporate health fitness chain.,"244,644",Director:Rawson Marshall Thurber
The Gringo Papi,2022 Video,25,1.1,0,"Short,Comedy",The Gringo Papi: A stand-up comedy show written and attempted by Brendan Schaub produced by Thiccc Boy Studios.,"2,949",Director:Casey Geraghty
The Breakfast Club,1985,97,7.8,66,"Comedy,Drama",Five high school students meet in Saturday detention and discover how they have a lot more in common than they thought.,"385,926",Director:John Hughes
Bodies Bodies Bodies,2022,95,6.4,82,"Comedy,Horror,Thriller","When a group of rich 20-somethings plan a hurricane party at a remote family mansion, a party game turns deadly in this fresh and funny look at backstabbing, fake friends, and one party gone very, very wrong.",100,Director:Halina Reijn
Kelly's Heroes,1970,144,7.6,50,"Adventure,Comedy,War",A group of U.S. soldiers sneaks across enemy lines to get their hands on a secret stash of Nazi treasure.,"49,008",Director:Brian G. Hutton
Life & Beth,2022– ,30,6.5,0,"Comedy,Drama","After an unexpected incident, Beth starts having flashbacks to her teen self and learns how she became who she is and who she wants to become.","4,379",
Married with Children,1987–1997,22,8.1,0,Comedy,"With a pay check that is lower than what the local beggar is earning, and with a wife and two children whose only interest is to rob him of his last cents, shoe-salesman Al Bundy is lucky ...                See full summary »","102,238",
Idiocracy,2006,84,6.5,66,"Adventure,Comedy,Sci-Fi","Private Joe Bauers, a decisively average American, is selected as a guinea pig for a top-secret hibernation program but is forgotten, awakening to a future so incredibly moronic he's easily the most intelligent person alive.","159,344",Director:Mike Judge
Mythic Quest: Raven's Banquet,2020– ,30,7.7,0,Comedy,The owner of a successful video game design company and his troubled staff struggle to keep their hit game 'Mythic Quest' on top.,"21,358",
Pitch Perfect 2,2015,115,6.4,63,"Comedy,Music","After a humiliating command performance at The Kennedy Center, the Barden Bellas enter an international competition that no American group has ever won in order to regain their status and right to perform.","154,222",Director:Elizabeth Banks
Baywatch,2017,116,5.5,37,"Action,Comedy,Crime","Devoted lifeguard Mitch Buchannon butts heads with a brash new recruit, as they uncover a criminal plot that threatens the future of the bay.","181,848",Director:Seth Gordon
Ant-Man,2015,117,7.3,64,"Action,Adventure,Comedy","Armed with a super-suit with the astonishing ability to shrink in scale but increase in strength, cat burglar Scott Lang must embrace his inner hero and help his mentor, Dr. Hank Pym, pull off a plan that will save the world.","641,282",Director:Peyton Reed
Full House,1987–1995,22,6.7,0,"Comedy,Drama,Family",A widowed broadcaster raises his three daughters with assistance from his rock'n'roll brother-in-law and his madcap best friend.,"57,884",
Amphibia,2019–2022,23,8.1,0,"Animation,Action,Adventure","Ordinary Anne Boonchuy, 13, finds a music box that sends her to Amphibia, a world full of frogs, toads, and giant insects. With help from Sprig, she must adjust to life in Amphibia and discover the first true friendship in her life.","4,679",
Shining Vale,2022– ,29,6.8,0,"Comedy,Fantasy,Horror","A family moves to a small town into a house in which terrible atrocities have taken place. But no one seems to notice except for Pat, who's convinced she's either depressed or possessed - turns out, the symptoms are exactly the same.","2,322",
Everybody Loves Raymond,1996–2005,22,7.2,0,Comedy,The comical everyday life of sports columnist Ray Barone and his dysfunctional family.,"69,512",
Grown Ups,I 2010,102,5.9,30,Comedy,"After their high school basketball coach passes away, five good friends and former teammates reunite for a Fourth of July holiday weekend.","247,247",Director:Dennis Dugan
Mortdecai,2015,107,5.5,27,"Action,Adventure,Comedy","Juggling angry Russians, the British Mi5, and an international terrorist, debonair art dealer and part-time rogue Charlie Mortdecai races to recover a stolen painting rumored to contain a code that leads to lost gold.","71,869",Director:David Koepp
Four Weddings and a Funeral,1994,117,7.1,81,"Comedy,Drama,Romance","Over the course of five social occasions, a committed bachelor must consider the notion that he may have discovered love.","150,451",Director:Mike Newell
Human Resources,2022– ,30,7.2,0,"Animation,Comedy,Romance",A workplace comedy set in the world of the monsters from Big Mouth.,"4,770",
Hunter x Hunter,2011–2014,24,9.0,0,"Animation,Action,Adventure","Gon Freecss aspires to become a Hunter, an exceptional being capable of greatness. With his friends and his potential, he seeks for his father who left him when he was younger.","87,886",
Almost Famous,2000,122,7.9,90,"Adventure,Comedy,Drama",A high-school boy in the early 1970s is given the chance to write a story for Rolling Stone magazine about an up-and-coming rock band as he accompanies them on their concert tour.,"272,088",Director:Cameron Crowe
Pretty Woman,1990,119,7.1,51,"Comedy,Romance","A man in a legal but hurtful business needs an escort for some social events, and hires a beautiful prostitute he meets... only to fall in love.","316,057",Director:Garry Marshall
A través de mi ventana,2022,116,5.4,0,"Comedy,Drama,Romance","Raquel's longtime crush on her next-door neighbor turns into something more when he starts developing feelings for her, despite his family's objections.","7,911",Director:Marçal Forés
Dead Poets Society,1989,128,8.1,79,"Comedy,Drama",Maverick teacher John Keating uses poetry to embolden his boarding school students to new heights of self-expression.,"471,795",Director:Peter Weir
The Woman in the House Across the Street from the Girl in the Window,2022,208,6.3,0,"Comedy,Crime,Drama","When a handsome neighbor moves in across the street, Anna, a heartbroken woman for whom every day is the same, starts to see a light at the end of the tunnel; that is, until she witnesses a gruesome murder. Or did she?","39,766",
Little Miss Sunshine,2006,101,7.8,80,"Comedy,Drama",A family determined to get their young daughter into the finals of a beauty pageant take a cross-country trip in their VW bus.,"470,138","Directors:Jonathan Dayton, Valerie Faris"
Love Life,2020– ,35,7.5,0,"Comedy,Romance",Anna Kendrick stars in a fresh take on a romantic comedy anthology series about the journey from first love to lasting love.,"13,837",
Emma.,2020,124,6.7,71,"Comedy,Drama,Romance","In 1800s England, a well meaning but selfish young woman meddles in the love lives of her friends.","49,038",Director:Autumn de Wilde
The Big Short,2015,130,7.8,81,"Biography,Comedy,Drama","In 2006-2007 a group of investors bet against the US mortgage market. In their research, they discover how flawed and corrupt the market is.","415,667",Director:Adam McKay
What We Do in the Shadows,2014,86,7.6,76,"Comedy,Horror","Viago, Deacon, and Vladislav are vampires who are struggling with the mundane aspects of modern life, like paying rent, keeping up with the chore wheel, trying to get into nightclubs, and overcoming flatmate conflicts.","177,990","Directors:Jemaine Clement, Taika Waititi"
Silicon Valley,2014–2019,28,8.5,0,Comedy,"Follows the struggle of Richard Hendricks, a Silicon Valley engineer trying to build his own company called Pied Piper.","143,980",
Into the Woods,2014,125,5.9,69,"Adventure,Comedy,Drama",A witch tasks a childless baker and his wife with procuring magical items from classic fairy tales to reverse the curse put on their family tree.,"139,752",Director:Rob Marshall
The Duke,2020,95,6.9,74,"Biography,Comedy,Drama","In 1961, Kempton Bunton, a 60 year old taxi driver, steals Goya's portrait of the Duke of Wellington from the National Gallery in London.","4,410",Director:Roger Michell
Green Book,2018,130,8.2,69,"Biography,Comedy,Drama",A working-class Italian-American bouncer becomes the driver of an African-American classical pianist on a tour of venues through the 1960s American South.,"463,622",Director:Peter Farrelly
Chuck,2007–2012,43,8.2,0,"Action,Comedy,Drama","When a twenty-something computer geek inadvertently downloads critical government secrets into his brain, the C.I.A. and the N.S.A. assign two agents to protect him and exploit such knowledge, turning his life upside down.","135,889",
Scott Pilgrim vs. the World,2010,112,7.5,69,"Action,Comedy,Fantasy","In a magically realistic version of Toronto, a young man must defeat his new girlfriend's seven evil exes one by one in order to win her heart.","415,556",Director:Edgar Wright
Big Mouth,2017– ,30,7.9,0,"Animation,Comedy,Romance",Teenage friends find their lives upended by the wonders and horrors of puberty.,"74,670",
Ash vs Evil Dead,2015–2018,30,8.4,0,"Action,Comedy,Fantasy","Ash has spent the last thirty years avoiding responsibility, maturity, and the terrors of the Evil Dead until a Deadite plague threatens to destroy all of mankind and Ash becomes mankind's only hope.","71,016",
King of the Hill,1997–2010,30,7.4,0,"Animation,Comedy,Drama","A straight-laced propane salesman in Arlen, Texas tries to deal with the wacky antics of his family and friends, while also trying to keep his son in line.","51,207",
You've Got Mail,1998,119,6.7,57,"Comedy,Drama,Romance","Book superstore magnate, Joe Fox and independent book shop owner, Kathleen Kelly fall in love in the anonymity of the Internet both blissfully unaware that he's trying to put her out of business.","209,602",Director:Nora Ephron
The IT Crowd,2006–2013,25,8.5,0,Comedy,"The comedic misadventures of Roy, Moss and their grifting supervisor Jen, a rag-tag team of IT support workers at a large corporation headed by a hotheaded yuppie.","147,594",
Zootopia,2016,108,8.0,78,"Animation,Adventure,Comedy","In a city of anthropomorphic animals, a rookie bunny cop and a cynical con artist fox must work together to uncover a conspiracy.","481,497","Directors:Byron Howard, Rich Moore, Jared Bush"
Unplugging,2022,94,4.1,0,"Comedy,Romance","To revive their marriage and reconnect, a couple takes a self-prescribed digital detox weekend to a remote mountain town. What starts as a perfect weekend getaway without technology quickly spirals out of control.",197,Director:Debra Neil-Fisher
The Hangover,2009,100,7.7,73,Comedy,"Three buddies wake up from a bachelor party in Las Vegas, with no memory of the previous night and the bachelor missing. They make their way around the city in order to find their friend before his wedding.","767,067",Director:Todd Phillips
Love Classified,2022 TV Movie,90,6.3,0,"Comedy,Family,Romance","Hardin portrays romance novelist Emilia, described as a whirlwind who blows back into the lives of her adult children, Taylor (McNamara) and Zach (Lloyd-Jones), under the pretense of a book...                See full summary »",726,Director:Stacey N. Harding
The Proposal,I 2009,108,6.7,48,"Comedy,Drama,Romance",A pushy boss forces her young assistant to marry her in order to keep her visa status in the U.S. and avoid deportation to Canada.,"321,106",Director:Anne Fletcher
Fast Times at Ridgemont High,1982,90,7.1,61,"Comedy,Drama","A group of Southern California high school students are enjoying their most important subjects: sex, drugs, and rock n' roll.","103,372",Director:Amy Heckerling
Booksmart,2019,102,7.1,84,Comedy,"On the eve of their high-school graduation, two academic superstars and best friends realize they should have worked less and played more. Determined not to fall short of their peers, the girls try to cram four years of fun into one night.","113,716",Director:Olivia Wilde
Last Man Standing,2011–2021,30,7.5,0,Comedy,A married father of three tries to maintain his manliness in a world increasingly dominated by women.,"33,502",
La La Land,2016,128,8.0,94,"Comedy,Drama,Music","While navigating their careers in Los Angeles, a pianist and an actress fall in love while attempting to reconcile their aspirations for the future.","564,895",Director:Damien Chazelle
The Lobster,2015,119,7.1,82,"Comedy,Drama,Romance","In a dystopian near future, single people, according to the laws of The City, are taken to The Hotel, where they are obliged to find a romantic partner in forty-five days or are transformed into beasts and sent off into The Woods.","247,986",Director:Yorgos Lanthimos
Sonic Prime,2022– ,22,0,0,"Animation,Action,Adventure",Sonic in a high-octane adventure where the fate of a strange new multiverse rests in his gloved hands.,0,
Jane the Virgin,2014–2019,60,7.9,0,Comedy,"A young, devout Catholic woman discovers that she was accidentally artificially inseminated.","47,764",
10 Things I Hate About You,1999,97,7.3,70,"Comedy,Drama,Romance","A pretty, popular teenager can't go out on a date until her ill-tempered older sister does.","329,515",Director:Gil Junger
Ferris Bueller's Day Off,1986,103,7.8,61,Comedy,"A high school wise guy is determined to have a day off from school, despite what the Principal thinks of that.","348,035",Director:John Hughes
Ginny & Georgia,2021– ,0,7.4,0,"Comedy,Drama","Ginny Miller, an angsty fifteen-year-old, often feels more mature than her thirty-year-old mother, the irresistible and dynamic Georgia Miller.","44,565",
The Afterparty,2022– ,35,7.2,0,"Comedy,Crime,Mystery","When a high school reunion's afterparty ends in a death, everyone is a suspect. A detective grills the former classmates one by one, uncovering potential motives as each tells their version of the story - culminating in the shocking truth.","8,988",
Pitch Perfect 3,2017,93,5.8,40,"Comedy,Music","Following their win at the world championship, the now separated Bellas reunite for one last singing competition at an overseas USO tour, but face a group who uses both instruments and voices.","62,894",Director:Trish Sie
About Time,I 2013,123,7.8,55,"Comedy,Drama,Fantasy","At the age of 21, Tim discovers he can travel in time and change what happens and has happened in his own life. His decision to make his world a better place by getting a girlfriend turns out not to be as easy as you might think.","337,328",Director:Richard Curtis
Welcome to Flatch,2022– ,23,5.9,0,Comedy,"A documentary film crew follows a group of young adults and their current concerns, in their small town. The crew focus is the daily lives of cousins Kelly and Shrub Mallet and their idiosyncratic surroundings.","1,111",
Jumanji: Welcome to the Jungle,2017,119,6.9,58,"Action,Adventure,Comedy","Four teenagers are sucked into a magical video game, and the only way they can escape is to work together to finish the game.","365,066",Director:Jake Kasdan
Ratatouille,2007,111,8.1,96,"Animation,Adventure,Comedy",A rat who can cook makes an unusual alliance with a young kitchen worker at a famous Paris restaurant.,"702,829","Directors:Brad Bird, Jan Pinkava"
Doc Martin,2004–2022,46,8.4,0,"Comedy,Drama,Romance","The trials and tribulations of Dr. Martin Ellingham (Martin Clunes), a socially challenged doctor who moves from London to the picturesque village of Port Wenn in Cornwall.","15,462",
Porky's,1981,94,6.2,40,Comedy,"In 1954, a group of Florida high-school guys try to help their buddy lose his virginity, which leads them to seek revenge on a sleazy nightclub owner and his redneck sheriff brother for harassing them.","42,325",Director:Bob Clark
Shrek,2001,90,7.9,84,"Animation,Adventure,Comedy","A mean lord exiles fairytale creatures to the swamp of a grumpy ogre, who must go on a quest and rescue a princess for the lord in order to get his land back.","659,440","Directors:Andrew Adamson, Vicky Jenson"
Adventure Time,2010–2018,11,8.6,0,"Animation,Action,Adventure","A 12-year-old boy and his best friend, wise 28-year-old dog with magical powers, go on a series of surreal adventures with each other in a remote future.","89,955",
Californication,2007–2014,28,8.3,0,"Comedy,Drama","A writer tries to juggle his career, his relationship with his daughter and his ex-girlfriend, as well as his appetite for beautiful women.","178,810",
Smokin' Aces,2006,109,6.6,45,"Action,Comedy,Crime","When a Las Vegas performer-turned-snitch named Buddy Israel decides to turn state's evidence and testify against the mob, it seems that a whole lot of people would like to make sure he's no longer breathing.","144,338",Director:Joe Carnahan
Hogan's Heroes,1965–1971,25,7.8,0,"Comedy,War",The inmates of a German World War II prisoner of war camp conduct an espionage and sabotage campaign right under the noses of their warders.,"10,214",
Easter Sunday,2022,0,0,0,Comedy,"Set around a family gathering to celebrate Easter Sunday, the comedy will be based on Jo Koy's life experiences and stand-up comedy.",0,Director:Jay Chandrasekhar
Luca,2021,95,7.4,71,"Animation,Adventure,Comedy","On the Italian Riviera, an unlikely but strong friendship grows between a human being and a sea monster disguised as a human.","149,164",Director:Enrico Casarosa
Black Clover,2017–2021,24,8.3,0,"Animation,Action,Adventure","Asta and Yuno were abandoned together at the same church and have been inseparable since. As children, they promised that they would compete against each other to see who would become the next Emperor Magus.","19,982",
The King of Queens,1998–2007,22,7.4,0,Comedy,"Delivery man Doug Heffernan has a good life: He has a pretty wife (Carrie), a big television, and friends with which to watch it. Then Carrie's goofy and annoying father Arthur moves in with them.","81,263",
"Love, Victor",2020–2022,30,8.1,0,"Comedy,Drama,Romance","Victor is a new student at Creekwood High School on his own journey of self-discovery, facing challenges at home, adjusting to a new city, and struggling with his sexual orientation.","14,436",
The Bob's Burgers Movie,2022,102,0,0,"Animation,Adventure,Comedy","The Belchers try to save the restaurant from closing as a sinkhole forms in front of it, while the kids try to solve a mystery that could save their family's restaurant.",0,"Directors:Loren Bouchard, Bernard Derriman"
Cemetery Junction,2010,95,6.8,0,"Comedy,Drama",A 1970s-set comedy centered on three young working class friends in a dreary suburb of Reading.,"22,576","Directors:Ricky Gervais, Stephen Merchant"
The Parent Trap,1998,128,6.6,64,"Adventure,Comedy,Drama","Identical twins Annie and Hallie, separated at birth and each raised by one of their biological parents, later discover each other for the first time at summer camp and make a plan to bring their wayward parents back together.","133,825",Director:Nancy Meyers
The Legend of Vox Machina,2022– ,30,8.4,0,"Animation,Action,Adventure","In a desperate attempt to pay off a mounting bar tab, a band of misfits end up on a quest to save the realm of Exandria from dark, magical forces.","19,060",
Notting Hill,1999,124,7.2,68,"Comedy,Drama,Romance",The life of a simple bookshop owner changes when he meets the most famous film star in the world.,"302,688",Director:Roger Michell
Casual,2015–2018,25,7.5,0,"Comedy,Drama","A comedy series about a bachelor brother and his newly divorced sister living under one roof again. Together, they coach each other through the crazy world of dating while raising her teenage daughter.","8,423",
The Nanny,1993–1999,22,7.0,0,"Comedy,Family,Romance","After being fired from her job and dumped by her boyfriend, a cosmetics saleswoman becomes the nanny to the three children of a rich English widower. As time passes, the two fall for each other.","42,730",
Coyote Ugly,2000,100,5.7,27,"Comedy,Drama,Music","Aspiring songwriter Violet Sanford, after getting a job at a women-run NYC bar that teases its male patrons, comes out of her shell.","113,272",Director:David McNally
I Want You Back,2022,116,6.6,62,"Comedy,Romance",Newly dumped thirty-somethings Peter and Emma team up to sabotage their exes' new relationships and win them back for good.,"14,586",Director:Jason Orley
Good Omens,2019–2022,328,8.0,0,"Comedy,Fantasy","A tale of the bungling of Armageddon features an angel, a demon, an eleven-year-old Antichrist, and a doom-saying witch.","72,667",
Why Women Kill,2019– ,50,8.3,0,"Comedy,Crime,Drama","An anthology series that follows three women in different decades all living in the same house, as they deal with infidelity and betrayals in their marriages.","22,081",
Vicky Cristina Barcelona,2008,96,7.1,70,"Comedy,Drama,Romance","Two friends on a summer holiday in Spain become enamored with the same painter, unaware that his ex-wife, with whom he has a tempestuous relationship, is about to re-enter the picture.","253,130",Director:Woody Allen
Love & Other Drugs,2010,112,6.7,55,"Comedy,Drama,Romance","In 1990s Pittsburgh, a medicine peddler starts a relationship with a young woman suffering from Parkinson's disease.","199,798",Director:Edward Zwick
Ready or Not,I 2019,95,6.8,64,"Action,Comedy,Horror",A bride's wedding night takes a sinister turn when her eccentric new in-laws force her to take part in a terrifying game.,"140,852","Directors:Matt Bettinelli-Olpin, Tyler Gillett"
Kingsman: The Golden Circle,2017,141,6.7,44,"Action,Adventure,Comedy","After the Kingsman's headquarters are destroyed and the world is held hostage, an allied spy organisation in the United States is discovered. These two elite secret organisations must band together to defeat a common enemy.","317,417",Director:Matthew Vaughn
Emergency!,1972–1979,60,7.8,0,"Action,Adventure,Comedy","The crew of Los Angeles County Fire Department Station 51, particularly the paramedic team, and Rampart Hospital respond to emergencies in their operating area.","4,724",
Dix pour cent,2015–2020,52,8.3,0,"Comedy,Drama",French serial about the lives and jobs of people working at a talent agency.,"13,707",
Night Court,1984–1992,30,7.7,0,Comedy,An eccentric fun-loving judge presides over an urban night court and all the silliness going on there.,"13,688",
Sweet Home Alabama,2002,108,6.2,45,"Comedy,Romance",A young woman who has reinvented herself as a New York City socialite must return home to Alabama to obtain a divorce from her husband after seven years of separation.,"111,714",Director:Andy Tennant
The Ranch,2016–2020,30,7.4,0,"Comedy,Drama,Western",The son of a Colorado rancher returns home from a semi-pro football career to run the family business.,"37,892",
Mr. Mayor,2021– ,22,6.3,0,Comedy,A wealthy businessman becomes the mayor of Los Angeles.,"4,085",
Veep,2012–2019,28,8.3,0,Comedy,Former Senator Selina Meyer finds that being Vice President of the United States is nothing like she hoped and everything that everyone ever warned her about.,"53,289",
Just Go with It,2011,117,6.4,33,"Comedy,Romance","On a weekend trip to Hawaii, a plastic surgeon convinces his loyal assistant to pose as his soon-to-be-divorced wife in order to cover up a careless lie he told to his much-younger girlfriend.","239,383",Director:Dennis Dugan
A Business Proposal,2022– ,60,8.2,0,"Comedy,Drama,Romance","In disguise as her friend, Ha-ri shows up to a blind date to scare him away. But plans go awry when he turns out to be her CEO - and makes a proposal.","4,936",
Druk,2020,117,7.7,79,"Comedy,Drama",Four high-school teachers consume alcohol on a daily basis to see how it affects their social and professional lives.,"142,959",Director:Thomas Vinterberg
JoJo no kimyô-na bôken,2012– ,30,8.4,0,"Animation,Action,Adventure","The story of the Joestar family, who are possessed with intense psychic strength, and the adventures each member encounters throughout their lives.","20,170",
Ant-Man and the Wasp: Quantumania,2023,0,0,0,"Action,Adventure,Comedy",The further adventures of Ant-Man and the Wasp.,0,Director:Peyton Reed
Where the Boys Are,1960,99,6.6,63,"Comedy,Drama,Romance","Four very different college girls drive to Fort Lauderdale, Florida for spring break and seek out various adventures and romance for themselves.","2,702",Director:Henry Levin
Fire Island,2022,105,0,0,"Comedy,Romance",A pair of best friends set out to have a legendary week-long summer vacation with the help of cheap rosé and a group of eclectic friends.,0,Director:Andrew Ahn
Blue Mountain State,2010–2011,22,8.3,0,"Comedy,Sport","Three incoming freshmen attending Midwestern college football powerhouse Blue Mountain State must quickly adapt to college life and juggle football, girls, classes and nonstop hazing.","52,874",
Batman,1966–1968,25,7.5,0,"Action,Adventure,Comedy",The Caped Crusader and his young ward battle evildoers in Gotham City.,"21,976",
Raya and the Last Dragon,2021,107,7.3,75,"Animation,Action,Adventure","In a realm known as Kumandra, a re-imagined Earth inhabited by an ancient civilization, a warrior named Raya is determined to find the last dragon.","142,211","Directors:Don Hall, Carlos López Estrada, Paul Briggs, John Ripa"
Weeds,2005–2012,28,7.9,0,"Comedy,Crime,Drama","When a suburban mother turns to dealing marijuana in order to maintain her privileged lifestyle after her husband dies, she finds out just how addicted her entire neighborhood already is.","108,587",
Bill & Ted Face the Music,2020,91,5.9,65,"Adventure,Comedy,Music","Once told they'd save the universe during a time-traveling adventure, 2 would-be rockers from San Dimas, California find themselves as middle-aged dads still trying to crank out a hit song and fulfill their destiny.","44,696",Director:Dean Parisot
Hagane no renkinjutsushi,2009–2012,24,9.1,0,"Animation,Action,Adventure",Two brothers search for a Philosopher's Stone after an attempt to revive their deceased mother goes awry and leaves them in damaged physical forms.,"156,540",
21 Jump Street,2012,109,7.2,69,"Action,Comedy,Crime",A pair of underachieving cops are sent back to a local high school to blend in and bring down a synthetic drug ring.,"546,092","Directors:Phil Lord, Christopher Miller"
Coco,I 2017,105,8.4,81,"Animation,Adventure,Comedy","Aspiring musician Miguel, confronted with his family's ancestral ban on music, enters the Land of the Dead to find his great-great-grandfather, a legendary singer.","476,579","Directors:Lee Unkrich, Adrian Molina"
Spaceballs,1987,96,7.1,46,"Adventure,Comedy,Sci-Fi",A star-pilot for hire and his trusty sidekick must come to the rescue of a princess and save Planet Druidia from the clutches of the evil Spaceballs.,"186,879",Director:Mel Brooks
Aladdin,2019,128,6.9,53,"Adventure,Comedy,Family",A kind-hearted street urchin and a power-hungry Grand Vizier vie for a magic lamp that has the power to make their deepest wishes come true.,"257,268",Director:Guy Ritchie
Dr. Strangelove or: How I Learned to Stop Worrying and Love the Bomb,1964,95,8.4,97,"Comedy,War","An insane American general orders a bombing attack on the Soviet Union, triggering a path to nuclear holocaust that a war room full of politicians and generals frantically tries to stop.","480,110",Director:Stanley Kubrick
And Just Like That...,2021– ,0,5.6,0,"Comedy,Drama,Romance","The series will follow Carrie, Miranda and Charlotte as they navigate the journey from the complicated reality of life and friendship in their 30s to the even more complicated reality of life and friendship in their 50s.","25,676",
Home Team,2022,95,6.0,23,"Comedy,Sport","The story about New Orleans Saints head coach Sean Payton coaching his son's 6th grade football team, when Payton was suspended for the entire 2012 season as a result of his role in the Saints' Bountygate scandal.","16,329","Directors:Charles Kinnane, Daniel Kinnane"
Frozen,I 2013,102,7.4,75,"Animation,Adventure,Comedy","When the newly crowned Queen Elsa accidentally uses her power to turn things into ice to curse her home in infinite winter, her sister Anna teams up with a mountain man, his playful reindeer, and a snowman to change the weather condition.","610,998","Directors:Chris Buck, Jennifer Lee"
Inside Out,I 2015,95,8.2,94,"Animation,Adventure,Comedy","After young Riley is uprooted from her Midwest life and moved to San Francisco, her emotions - Joy, Fear, Anger, Disgust and Sadness - conflict on how best to navigate a new city, house, and school.","687,399","Directors:Pete Docter, Ronnie Del Carmen"
Gravity Falls,2012–2016,23,8.9,0,"Animation,Action,Adventure","Twin siblings Dipper and Mabel Pines spend the summer at their great-uncle's tourist trap in the enigmatic Gravity Falls, Oregon.","97,534",
Girls,2012–2017,28,7.3,0,"Comedy,Drama",A comedy about the experiences of a group of girls in their early 20s.,"70,743",
Legally Blonde,2001,96,6.4,59,"Comedy,Romance","Elle Woods, a fashionable sorority queen, is dumped by her boyfriend. She decides to follow him to law school. While she is there, she figures out that there is more to her than just looks.","210,596",Director:Robert Luketic
Blended,2014,117,6.5,31,"Comedy,Romance","After a bad blind date, a man and woman find themselves stuck together at a resort for families, where their attraction grows as their respective kids benefit from the burgeoning relationship.","130,128",Director:Frank Coraci
Matilda,1996,98,6.9,72,"Comedy,Family,Fantasy","A girl gifted with a keen intellect and psychic powers uses both to deal with her crude, distant family and free her kind teacher from their sadistic headmistress.","146,402",Director:Danny DeVito
Moonshot,2022,104,5.5,58,"Comedy,Romance,Sci-Fi","This romantic comedy with a twist follows two college students as they join forces in order to be reunited with their significant others, embarking on a lively journey that takes them wildly off course.","3,845",Director:Christopher Winterbauer
She-Hulk,2022– ,0,0,0,"Action,Adventure,Comedy",Jennifer Walters acquires Hulk-like qualities.,0,
Evil Dead II,1987,84,7.7,72,"Comedy,Horror",The lone survivor of an onslaught of flesh-possessing spirits holes up in a cabin with a group of strangers while the demons continue their attack.,"160,306",Director:Sam Raimi
Kung Fu Panda 3,2016,95,7.1,66,"Animation,Action,Adventure","Continuing his ""legendary adventures of awesomeness"", Po must face two hugely epic, but different threats: one supernatural and the other a little closer to home.","152,818","Directors:Alessandro Carloni, Jennifer Yuh Nelson"
The Intouchables,2011,112,8.5,57,"Biography,Comedy,Drama","After he becomes a quadriplegic from a paragliding accident, an aristocrat hires a young man from the projects to be his caregiver.","831,308","Directors:Olivier Nakache, Éric Toledano"
Donald Trump's The Art of the Deal: The Movie,2016 TV Movie,50,5.8,75,Comedy,"Funny or Die presents a satirical rendition of Donald Trump's 1987 best selling business book, The Art of the Deal.","4,477",Director:Jeremy Konner
Ant-Man and the Wasp,2018,118,7.0,70,"Action,Adventure,Comedy","As Scott Lang balances being both a superhero and a father, Hope van Dyne and Dr. Hank Pym present an urgent new mission that finds the Ant-Man fighting alongside The Wasp to uncover secrets from their past.","378,663",Director:Peyton Reed
Superbad,2007,113,7.6,76,Comedy,Two co-dependent high school seniors are forced to deal with separation anxiety after their plan to stage a booze-soaked party goes awry.,"562,735",Director:Greg Mottola
Lady Bird,2017,94,7.4,93,"Comedy,Drama","In 2002, an artistically inclined seventeen-year-old girl comes of age in Sacramento, California.","278,617",Director:Greta Gerwig
Men in Black: International,2019,114,5.6,38,"Action,Adventure,Comedy","The Men in Black have always protected the Earth from the scum of the universe. In this new adventure, they tackle their biggest threat to date: a mole in the Men in Black organization.","130,490",Director:F. Gary Gray
La vita è bella,1997,116,8.6,59,"Comedy,Drama,Romance","When an open-minded Jewish waiter and his son become victims of the Holocaust, he uses a perfect mixture of will, humor, and imagination to protect his son from the dangers around their camp.","676,244",Director:Roberto Benigni
Hart of Dixie,2011–2015,60,7.7,0,"Comedy,Drama,Romance","New Yorker and new doctor Zoe Hart accepts an offer from a stranger, Dr. Harley Wilkes, to work in his medical practice in Bluebell, Alabama. She arrives to find that he has died and left half the practice to her in his will.","52,024",
Toy Story,1995,81,8.3,95,"Animation,Adventure,Comedy",A cowboy doll is profoundly threatened and jealous when a new spaceman figure supplants him as top toy in a boy's room.,"963,098",Director:John Lasseter
Scary Movie,2000,88,6.2,48,Comedy,"A year after disposing of the body of a man they accidentally killed, a group of dumb teenagers are stalked by a bumbling serial killer.","254,823",Director:Keenen Ivory Wayans
Borderlands,2022,0,0,0,"Action,Adventure,Comedy",A feature film based on the popular video game set on the abandoned fictional planet of Pandora where people search for a mysterious relic.,0,Director:Eli Roth
Never Have I Ever,2020–2023,30,7.8,0,"Comedy,Drama","The complicated life of a modern-day first generation Indian American teenage girl, inspired by Mindy Kaling's own childhood.","45,341",
Samurai Rabbit: The Usagi Chronicles,2022– ,25,6.5,0,"Animation,Action,Adventure","Teenage Rabbit Samurai Yuichi, a descendant of the great warrior Miyamoto Usagi, embarks on an epic quest to become a true samurai.",193,
GLOW,2017–2019,35,8.0,0,"Comedy,Drama,Sport",A look at the personal and professional lives of a group of women who perform for a wrestling organization in Los Angeles during the 1980s.,"45,284",
Freaks and Geeks,1999–2000,44,8.8,0,"Comedy,Drama",A high school mathlete starts hanging out with a group of burnouts while her younger brother navigates his freshman year.,"139,446",
Blazing Saddles,1974,93,7.7,73,"Comedy,Western","In order to ruin a western town, a corrupt politician appoints a black Sheriff, who promptly becomes his most formidable adversary.","136,610",Director:Mel Brooks
Minions: The Rise of Gru,2022,90,0,0,"Animation,Adventure,Comedy",The untold story of one twelve-year-old's dream to become the world's greatest supervillain.,0,"Directors:Kyle Balda, Brad Ableson, Jonathan del Val"
Here We Go,2020– ,0,6.9,0,Comedy,The Jessops decide to boost family morale by going on a summer holiday - in October.,366,
Old School,2003,88,7.0,54,Comedy,Three friends attempt to recapture their glory days by opening up a fraternity near their alma mater.,"227,564",Director:Todd Phillips
That '80s Show,2002,30,4.8,0,Comedy,That '80s Show is a half-hour ensemble comedy focusing on a group of twenty-somethings finding their way through the '80s in San Diego.,"2,181",
A Simple Favor,2018,117,6.8,67,"Comedy,Crime,Mystery","Stephanie is a single mother with a parenting vlog who befriends Emily, a secretive upper-class woman who has a child at the same elementary school. When Emily goes missing, Stephanie takes it upon herself to investigate.","145,318",Director:Paul Feig
The End of the F***ing World,2017–2019,25,8.1,0,"Adventure,Comedy,Crime","James is 17 and is pretty sure he is a psychopath. Alyssa, also 17, is the cool and moody new girl at school. The pair make a connection and she persuades him to embark on a road trip in search of her real father.","177,894",
Happy Days,1974–1984,30,7.4,0,"Comedy,Family,Music",The Cunningham family live through the 1950s with help and guidance from lovable and almost superhuman greaser Fonzie.,"18,551",
The Hitman's Bodyguard,2017,118,6.9,47,"Action,Comedy,Crime","The world's top bodyguard gets a new client, a hitman who must testify at the International Criminal Court. They must put their differences aside and work together to make it to the trial on time.","225,243",Director:Patrick Hughes
Kaguya-sama wa kokurasetai ~ Tensai tachi no ren'ai zunô sen ~,2019– ,24,8.5,0,"Animation,Comedy,Romance",The proudly privileged top two students of an elite school each makes it their mission to be the first to extract a confession of love from the other.,"10,402",
Taskmaster,2015– ,60,9.0,0,"Comedy,Game-Show","Five comedians are set tasks challenging their creativity and wit. The tasks are supervised by Alex Horne but the Taskmaster, Greg Davies, always has the final word.","10,831",
How We Roll,2022– ,0,5.1,0,Comedy,Follows professional bowler Tom Smallwood's life.,382,
Men in Black,1997,98,7.3,71,"Action,Adventure,Comedy",A police officer joins a secret organization that polices and monitors extraterrestrial interactions on Earth.,"554,105",Director:Barry Sonnenfeld
Hot Fuzz,2007,121,7.8,81,"Action,Comedy,Mystery","A skilled London police officer, after irritating superiors with his embarrassing effectiveness, is transferred to a village where the easygoing officers object to his fervor for regulations, as a string of grisly murders strikes the town.","495,868",Director:Edgar Wright
Scooby-Doo,2002,89,5.2,35,"Adventure,Comedy,Family","After an acrimonious break up, the Mystery Inc. gang are individually brought to an island resort to investigate strange goings on.","110,039",Director:Raja Gosnell
